Paper/Book,Authors,Year,Type of study,Industrial/Academic,"Reference Archi-
tecture?","AI-Agentic
Features","Human
Role",Results,Key Findings,Open Questions,Link,Column 1
"Human-Artificial Interaction in the Age of
Agentic AI: A System-Theoretical Approach","Uwe M. Borghoff
, Paolo Bottoni
, and Remo Pareschi",2025,Theoretical & Conceptual,Academic,Yes (Communication Spaces),"Multi-agent systems (MAS): Focused on coordination among autonomous entities through structured communication.
Centaurian systems: Characterized by deep integration of human and AI capabilities into a functionally unified entity.","In MAS, humans are independent agents collaborating with AI via well-defined communication protocols.
In Centaurian systems, humans deeply integrate their cognitive and decision-making capabilities with AI, creating a unified composite entity with blurred boundaries.",Introduces layered architecture to support MAS and Centaurian integration using Petri nets,"The distinction between MAS and Centaurian systems is not strict; rather, practical systems may dynamically blend these paradigms to optimize performance.
The adaptability of systems can significantly improve by integrating agentic AI through structured coordination in MAS and emergent behaviors in Centaurian integration.
Continuous learning and adaptation (data flywheel effect) are essential for evolving human-AI integration patterns.
","How to dynamically switch between MAS and Centaurian modes in real-time systems? How to scale the framework in complex, high-load environments?",https://arxiv.org/pdf/2502.14000,
"Deconstructing Human-AI Collaboration: Agency, Interaction, and Adaptation","Steffen Holter, Mennatallah El-Assady",2024,Conceptual model,Academic,No,"AI agents are analyzed in terms of their ability to act autonomously, interact with humans, and adapt to evolving tasks and environments. The study categorizes different AI roles, from assistants to autonomous agents.","Humans play an active role in shaping AI behavior by interacting with AI systems, providing feedback, and adapting to the AI’s evolving capabilities. They influence AI decisions and system adaptability.","Proposes a new conceptual model to analyze and describe human-AI systems, focusing on three main categories: agency, interaction, and adaptation. The model is developed through literature studies and semi-structured interviews with researchers in the field.","Introduces a unified set of dimensions to characterize human-AI collaboration, facilitating comparison and analysis of different systems.",How can this model be practically applied to improve the design and implementation of human-AI collaboration across different domains?,https://arxiv.org/abs/2404.12056,
Human-AI Collaboration in Real-World Complex Environment with Reinforcement Learning,"Md Saiful Islam, Srijita Das, Sai Krishna Gottipati, William Duguay, Clodéric Mars, Jalal Arabneydi, Antoine Fagette, Matthew Guzdial, Matthew E. Taylor",2023,Empirical Study,Academic,No,AI-driven drones operate autonomously to detect and neutralize threats but adapt their strategies based on real-time feedback from human operators. The AI agents use reinforcement learning to continuously improve their decision-making and coordination with human teams.,"Human operators oversee and guide AI drones, providing strategic input, setting objectives, and intervening when necessary. They collaborate with AI by adjusting tactics and making high-level decisions, ensuring that the AI’s actions align with mission goals.",Develops a new simulator for critical infrastructure protection where AI-driven drones and human teams collaborate to defend an airport against hostile drone attacks. The study shows that human-AI collaboration outperforms both fully human-controlled and fully autonomous AI agents in this complex simulation environment.,"Demonstrates that human-AI collaboration can lead to faster learning, lower cognitive and time burden for humans, and higher performance compared to solely human or solely AI control.",How can these results be transferred to other domains and real-world scenarios outside the simulation environment? What are the long-term effects of such collaboration on human operators' skills and decision-making?,https://arxiv.org/abs/2312.15160,
Human-in-the-loop machine learning: a state of the art,"Eduardo Mosqueira-Rey, Elena Hernández-Pereira, David Alonso-Ríos, José Bobes-Bascarán, Ángel Fernández-Leal",2022,Literature Review,Academic,No,"AI systems are designed to incorporate human input at various stages of the learning process, utilizing strategies such as active learning, interactive machine learning, and machine teaching to enhance model performance and adaptability.","Humans actively participate by labeling data, providing feedback, structuring training examples, and interpreting model outputs, thereby guiding and improving the machine learning process.","The paper reviews various techniques that facilitate human involvement in machine learning, including active learning, interactive machine learning, machine teaching, curriculum learning, and explainable AI. It clarifies definitions, delineates boundaries between methods, and explores their interconnections, aiming to provide a comprehensive understanding of human-in-the-loop approaches.","Emphasizes the importance of human involvement in machine learning to create models that are not only accurate but also usable and useful, highlighting the roles of Usable AI and Useful AI in ensuring successful AI systems.",How can the integration of human input be optimized across different machine learning approaches to balance efficiency and model performance? What are the long-term impacts of human-in-the-loop strategies on the evolution of machine learning systems?,https://link.springer.com/article/10.1007/s10462-022-10246-w,
The Human in the Infinite Loop: A Case Study on Revealing and Explaining Human-AI Interaction Loop Failures,"Changkun Ou, Daniel Buschek, Sven Mayer, Andreas Butz",2022,Case Study,Academic,No,AI systems generate variations of 3D models based on user preferences and iteratively optimize results through human feedback.,"Humans provide preference feedback by rating 3D model variations, guiding the AI system's optimization process.","Developed a prototype human-in-the-loop system for preference-guided 3D model processing, used by two 3D artists over three months. Found that the human-AI loop often did not converge to satisfactory results. A subsequent lab study (N=20) investigated these failures, revealing that optimization using preferential choices lacks mechanisms to handle inconsistent human judgments, and that machine outcomes influence future user inputs via heuristic biases and loss aversion.","Highlighted challenges in human-AI loops, particularly the impact of inconsistent human judgments and heuristic biases on system performance. Proposed UI design guidelines to mitigate these issues.",How can human-in-the-loop systems be designed to effectively manage inconsistent human feedback and mitigate heuristic biases to ensure convergence towards satisfactory outcomes?,https://arxiv.org/abs/2207.12761,
Towards Responsible Generative AI: A Reference Architecture for Designing Foundation Model based Agents,"Qinghua Lu, Liming Zhu, Xiwei Xu, Zhenchang Xing, Stefan Harrer, Jon Whittle",2024,Conceptual Design,Academic,Yes,"Foundation models, such as large language models (LLMs), enable agents to autonomously decompose goals into tasks and orchestrate their execution. The paper proposes a reference architecture incorporating architectural patterns to ensure responsible AI practices.","Humans are involved in defining goals and providing feedback, guiding the agents' task decomposition and execution processes. Their input is crucial for aligning AI behaviors with ethical standards and expectations.","The study presents a pattern-oriented reference architecture for designing foundation model-based agents, emphasizing responsible AI attributes like security and accountability. The architecture's completeness and utility are evaluated by mapping it to two real-world agents: MetaGPT and HuggingGPT.","Introduces a structured framework for designing AI agents that align with responsible AI principles, addressing challenges related to security and accountability.",How can the proposed reference architecture be adapted to various application domains? What are the practical challenges in implementing responsible AI practices within this framework?,https://arxiv.org/abs/2311.13148,
Designing the Intelligent Organization: Six Principles for Human-AI Collaboration,Vegard Kolbjørnsrud,2024,Conceptual Study,Academic,No,"AI systems can sense, understand, act, and learn in complex environments, enabling large-scale automation of routine tasks and mass customization of products and services.","Humans oversee and guide AI systems, define goals, and provide feedback to ensure AI actions align with organizational objectives and ethical standards.","The paper introduces six principles for human-AI collaboration in organizations: addition, relevance, substitution, diversity, collaboration, and explanation. It discusses how leading organizations apply these principles and provides practical guidelines for leaders to successfully integrate AI into their organizations.","Highlights the importance of leveraging complementary strengths of humans and AI to enhance organizational intelligence, requiring careful design of collaboration dynamics and clear explanations of AI decisions.",How can organizations best implement these six principles across different industries and cultural contexts? What are the long-term effects of human-AI collaboration on workforce skills and job roles?,https://journals.sagepub.com/doi/full/10.1177/00081256231211020,
Agentic AI: Scalable & Responsible Deployment of AI Agents in the Enterprise,Debmalya Biswas,2025,Technical Report / Conceptual Guide,Industrial,"Yes – Layered architecture (Marketplace, Orchestration, Memory, Governance, etc.)","Multi-agent orchestration, long-term memory, personalization, explainability, LLM integration","Human-in-the-loop oversight, ethical review, intervention in decision-making","Presents a scalable, modular reference architecture for deploying AI agents with built-in governance and personalization","Describes how agentic AI can be deployed responsibly, with components supporting autonomy, memory, user adaptation, and oversight",How to adapt enterprise-grade agentic architectures to high-risk domains like healthcare? How to measure the effectiveness of human oversight?,https://www.researchgate.net/publication/388141728_Agentic_AI_Scalable_Responsible_Deployment_of_AI_Agents_in_the_Enterprise,
"Collaborating with AI Agents: Field Experiments on Teamwork, Productivity, and Performance","Harang Ju, Sinan Aral",2025,Experimental Field Study,Academic (MIT),"Implicit in MindMeld collaboration platform (modular, real-time, agent-human interface)","Real-time semi-autonomous agents, personalized AI behavior, collaborative editing, LLM-based responses","Humans co-create with AI, guide output, provide feedback, act as quality controllers","Human-AI teams showed higher individual productivity, better text quality; social interaction decreased",AI agents improved productivity and output quality; AI personality impacts collaboration quality; importance of AI-human alignment,How to generalize team performance outcomes across domains? How to fine-tune AI behavior in sensitive domains like healthcare or elderly care?,https://arxiv.org/pdf/2503.18238,
Building Appropriate Mental Models: What Users Know and Want to Know about an Agentic AI Chatbot,"Michelle Brachman, Siya Kunde, Sarah Miller, Ana Fucs, Samantha Dempsey, Jamie Jabbour, Werner Geyer",2025,User Study,Academic,No,"The agentic AI system ""Gent"" autonomously breaks down complex queries, retrieves information, cites sources, and explains its reasoning. The system can access external tools (Google, Wikipedia, Python interpreter) and dynamically determine the actions it should take.","Users interact with the AI chatbot for information-seeking tasks, relying on the system's reasoning and sources to evaluate accuracy. Users express a need for more transparency and better explanations regarding how the system selects actions and sources.","Participants’ mental models were primarily search-based, and they evaluated accuracy using cited sources. Many lacked an understanding of how the AI selected actions. Users requested more transparency in source prioritization and system decision-making. The study highlights the need for fine-grained source attribution and system confidence indicators.","Users need better explanations for AI decision-making and transparency regarding how actions are chosen. Overreliance on AI can be a risk, so explanations should focus on critical insights rather than overwhelming detail. Allowing users to modify sources and intervene in AI decisions could enhance trust and usability.",How can AI systems best balance transparency and usability without overwhelming users? How should AI confidence levels be communicated effectively? What strategies reduce overreliance on agentic AI systems?,https://dl-acm-org.proxy.lnu.se/doi/full/10.1145/3708359.3712071,
An Introduction to MultiAgent Systems,Michael Wooldridge,2002,Theoretical / Educational (Textbook),Academic,no specific reference architecture),"Autonomy, proactiveness, reactivity, social ability, agent architectures",Not the focus (humans discussed abstractly),"Defines formal concepts and types of agents, architectures, and multiagent systems",Foundational definitions of agents and their behaviors; types of agent communication and coordination,How to adapt classical agent theory to LLM-based or modern AI systems,,
Artificial Intelligence: A Modern Approach,Russell & Norvig,2021,Textbook / Theoretical	,Academic,Indirectly yes (agent models),"Autonomy, goal-pursuit, reasoning","Optional, not central",Foundations of AI agent design,"Defines rational agents, behavior types, architectures",How to extend agent models for agentic AI,,
Agentic Large Language Models: A Survey,"Aske Plaat,
Max van Duijn,
Niki van Stein,
Mike Preuss,
Peter van der Putten,
Kees Joost Batenburg,",2025,Survey,Academic,Yes (implicitly via agentic taxonomy),"Reasoning, tool use, memory, reflection, interaction","Supervisory, collaborative roles in simulations","Categorized 80+ studies into reasoning, acting, and interacting","Agentic behavior is modular, extensible, and socially emergent",How to design safe and grounded agentic systems?,,
Agent Design Pattern Catalogue,"Yue Liu, Sin Kit Lo, Qinghua Lu, Liming Zhu, Dehai Zhao, Xiwei Xu, Stefan Harrer, Jon Whittle",2024,Pattern catalog,Academic/Applied,Yes — design-level patterns,"Goal-directed behavior, reflection, tool use","Supervisor, task setter, co-agent",17 patterns defined with tradeoffs & consequences,Offers reusable solutions for agentic system components,How to compose patterns into full reference architectures,https://arxiv.org/html/2405.10467v2,
"Human-AI collaboration is not very collaborative yet: A taxonomy of interaction
patterns in AI-assisted decision making from a systematic review","CATALINA GOMEZ,SUE MIN CHO,SHICHANG KE,CHIEN-MING HUANG,MATHIAS UNBERATH,",2024,Systematic review,Academic	,"No architecture, but taxonomy of use","Decision-support, explainability",Mixed — from delegation to override,"Analyzes 105 studies, defines collaboration gaps","Proposes collaboration patterns (override, iteration, etc.)","How to improve trust, interactivity, transparency",https://arxiv.org/pdf/2310.19778,
"An Architectural Style for Self-Adaptive
Multi-Agent Systems","DANNY WEYNS, KU Leuven",2019,"Theoretical, pattern-based",Academic,"Yes, full architectural style","Self-adaptation, openness, indirect coordination",Not the focus (humans discussed abstractly),Introduces reusable patterns for MAS,Shows how architectural styles guide system evolution,Applying styles to human-agent hybrid teams,https://arxiv.org/pdf/1909.03475,
"Design patterns for human-AI co-learning: A wizard-of-Oz evaluation in an
urban-search-and-rescue task ","Tjeerd A.J. Schoonderwoerd , Emma M. van Zoelen ,
, Karel van den Bosch , Mark A. Neerincx,",2022,"Experimental, qualitative",Academic,"No, but design patterns applicable","Learning, co-adaptation, situational awareness","Peer/co-learner, task collaborator",Co-learning patterns improve understanding and trust,Introduces formal Learning Design Patterns (LDPs),Generalizability beyond experimental setup,https://pdf-sciencedirectassets-com.proxy.lnu.se/272548/1-s2.0-S1071581922X00050/1-s2.0-S107158192200060X/main.pdf?X-Amz-Security-Token=IQoJb3JpZ2luX2VjEOj%2F%2F%2F%2F%2F%2F%2F%2F%2F%2FwEaCXVzLWVhc3QtMSJIMEYCIQCust%2Fv0Oxz%2BIKysgGU5lyVY9adEhtckEyg3YNwgbmtVQIhAKpu7XsVIj%2BvfXOPJtX1mFhoe09hj2CJQRh4M2%2FfLMjFKrMFCGEQBRoMMDU5MDAzNTQ2ODY1Igzb%2B2je%2FjSFPr8K2zEqkAX5l0LbJT2mUkUdbjqRJxR31H1zd7904f2I13cKV0uZqLJW7uD%2FnjBGHze5u1XMMOIGguRPFeCwSCU44FBAh4%2F5B8z5d7llzcF%2BTa8ZoCQuhwTRmguUpmS%2BXCmCzTevXKeOXV0PfEAUskG4RTq0ohhY11X%2FW2uinLDdaP7hMNajC72QikKKuAHh0hOtTgVkjnFGXE99BrNluJfaifNh9HSvTSweOcU62cbZYDivKPww3Mp9RprjHcnycDJs8p%2FMFoLUqAFzSp7c1UT%2FO5LT9qXE8aBjUv%2FRAEV2oM2gOffemBCKZqtKJnegchUazu2aZAE407ESGsqRYatmzao2zNsA25CGc5ZYAfUDcPzWDpyUXSsC5%2FSY4fMMieZ17eHNTQ7eO0A4l234WMEActQqqRJSVCMBW5lksxY%2BFebeUlmDH7Rf0RZ7YgJsydYjy1ZUrJI3SIFpLxnLYE0xSukGAhW7JYcURC7%2FTyV0BXxwyR70zmQqz7dIcfVrXOEejZEMD9vjjwk7AYSxax17Q2aQrwzOAK5owLeRfJHtq7erzAPEvgaMuPuoCA7d8hswax9kGRpHNhgv9Ft0SjXC7EdiJHMCARi%2BnV8rhRdi7x1rfjq%2Bz8MUH6viy%2Bsh13bA7dHMVaRHy4GOAduPyWMOZTH02C57o0vgc99dJIYQLqACqswI7onGKvsoBy%2FI5AnoKbMUJ7z279WVM0nWlUrDB%2B3M0jr%2Fx92H7G5T1LvQ2NdJWWKsb%2FI7zPN2Td166Vkh3k8ow3%2BqoTLDh5nLcHpQlIXL%2B1iEvQOJEmkai0JxFD5SfsLcot2HVStqs2WEOp9k74k5FXNUSgDnbfKTexCUNHKYMrZrP5rm4ENB1Lw8I83e7ztjZzD63M%2B%2FBjqwARkDDp80xgubw1Zn7NKej0vuPWR9PIMvPfvOu3JYBJSbl64y1nfTVIL9l35Xyc1iQSWnHrjneVCDWkvYxvB4gi647xKpSYp1VKiSzP51Ko0M9uaNV8TCGrsAKR%2F1lqcMmBEB2ZgY0CyAjgWWhmYx77UwQRIDIkPYVOZmzBdHvMTE2142vOQXSenG8CiVrE5Ljtx8XyUVMxup%2BHEG4dj5rv%2Bi%2BJLxJcba9azY29GNgMt0&X-Amz-Algorithm=AWS4-HMAC-SHA256&X-Amz-Date=20250407T155340Z&X-Amz-SignedHeaders=host&X-Amz-Expires=300&X-Amz-Credential=ASIAQ3PHCVTY3DVZO7F3%2F20250407%2Fus-east-1%2Fs3%2Faws4_request&X-Amz-Signature=a5d80668a94474c50fde3b9bb9944c940a145a530234550b30bea84eba1e893e&hash=b8e3d7321b76e12e7a680f8397fd2964a76807ace07f711471ceeeeebe4fa7e2&host=68042c943591013ac2b2430a89b270f6af2c76d8dfd086a07176afe7c76c2c61&pii=S107158192200060X&tid=spdf-a0fc578f-dcff-4002-9009-364f92f48b79&sid=ddd19ffc7ba3f5442338b5921fa29db4aef6gxrqb&type=client&tsoh=d3d3LXNjaWVuY2VkaXJlY3QtY29tLnByb3h5LmxudS5zZQ%3D%3D&rh=d3d3LXNjaWVuY2VkaXJlY3QtY29tLnByb3h5LmxudS5zZQ%3D%3D&ua=09045b5504050351055c&rr=92cab2f8ae49be53&cc=se&kca=eyJrZXkiOiJFaDJmWGMwcXQxc2lhOEFhSmZQdDFpNW9kQXRqdDYvU0U4cmhMTTRvdzdlUGQwQ0UyVTYrdXhObE5RVy95M0gwajg0eXdqSkk2WFREY3hmOVo3SHZ2cUlSMXFMZFIyaTVnbGE5RE9UZU53amZMbDVnYlpVRXBPK1R4UzFRbE5PbGRsV0VCYWtXWVpnZGYxT3RnSzRkNEZZWCswbERLNmZqU05MSEpOaTdQWTFhcGxLQUNnPT0iLCJpdiI6IjBhYmFlMDZlMWUwNzc5MDM2YzA2ZGUwZGFkNTY5NDUzIn0=_1744041229385,
Agentic AI: Autonomous Intelligence for Complex Goals—A Comprehensive Survey,"Deepak Bhaskar Acharya, Karthigeyan Kuppan, B. Divya",2025,Survey,Academic,Yes (High-level framework discussed),"Autonomy, goal-directed behavior, adaptability, memory, tool use, learning, ethical governance","Human-in-the-loop, human-on-the-loop, oversight, collaboration","Provides a comprehensive taxonomy and evaluation of Agentic AI systems, methods, and applications","Agentic AI integrates autonomy, adaptability, planning, and ethics to handle complex goals; needs human oversight and governance mechanisms","How to align agent goals with human values, ensure explainability, improve scalability, and manage ethical risks",https://ieeexplore-ieee-org.proxy.lnu.se/stamp/stamp.jsp?tp=&arnumber=10849561,
Humans in the Loop: The Design of Interactive AI Systems,Ge Wang,2019,Conceptual Essay,Academic,No,Yes – Discusses AI as a tool with adjustable autonomy,Central – Human as co-creator and decision-maker,Presents design principles for integrating human interaction in AI systems,Emphasizes the importance of human agency in AI design; advocates for interactive systems that balance automation with meaningful human involvement,How can designers effectively balance automation with human input to enhance creativity and meaning?,https://hai.stanford.edu/news/humans-loop-design-interactive-ai-systems,
"Software Architecture in Practice (pp. 34–36, 299–300, 305)","Len Bass, Paul Clements, Rick Kazman",2021,Academic textbook / design framework,Academic / SEI-backed,"Yes – Reference architectures discussed as reusable, customizable base structures",No specific AI-agentic features,"Architects as designers, decision-makers, and evaluators",Explains how reference architectures can guide consistent system design across product families,"Reference architectures help define fixed/variable elements, and support reuse, incremental design, and gap analysis","How to automate or evaluate reference architecture fit in fast-changing, AI-driven or microservice contexts",https://www.oreilly.com/library/view/software-architecture-in/9780136885979/,
Generative Agents: Interactive Simulacra of Human Behavior,"Joon Sung Park, Joseph C. O'Brien, Carrie J. Cai, Meredith Ringel Morris, Percy Liang, Michael S. Bernstein",2023,Conceptual + System implementation + User study,Academic (Stanford),"No explicit reference architecture, but modular components serve similar purpose","Yes – Agents with memory, reflection, planning, and autonomous behavior","Human is observer, social peer, and system designer",Introduces modular generative agents that interact and simulate believable social behavior in a sandbox world,"Modular architecture with memory, planning, and reflection enables realistic, agentic behavior and interaction",How can such agents generalize to real-world contexts? What are limits of LLM-based internal reasoning?,https://arxiv.org/abs/2304.03442,
Practices for Governing Agentic AI Systems,"Y. Shavit, S. Agarwal, M. Brundage, S. Adler, C. O’Keefe, R. Campbell, T. Lee, P. Mishkin, T. Eloundou, A. Hickey, K. Slama (OpenAI)",2023,Industry white paper (grey literature),Industrial,"No formal reference architecture, but proposes governance design patterns","Yes – Agent autonomy, monitoring, transparency, accountability",Human as supervisor and governor with validation roles,"Outlines practices like constrained action spaces, automatic monitoring, and legibility",Governance must be designed from the start; explainability and safety mechanisms are essential for agentic systems,How to enforce governance reliably at scale? How to balance autonomy with control in complex settings?,https://cdn.openai.com/papers/practices-for-governing-agentic-ai-systems.pdf,
Expanding Explainability: Towards Social Transparency in AI Systems,"U. Ehsan, Q. V. Liao, M. Muller, M. O. Riedl, J. D. Weisz",2021,Peer-reviewed conceptual + empirical HCI study,Academic,"No, but proposes interaction design principles",Yes – AI as decision-making agent requiring human-centered transparency,"Human as interpreter, overseer, and co-decider",Proposes social transparency as a richer model of explainability for AI systems,AI systems must communicate decisions in a socially meaningful way; interpretability must support human context and judgment,How can social transparency be standardized? How to adapt across different user roles and trust levels?,https://arxiv.org/pdf/2101.04719,
"A modular multi-agent framework for innovation diffusion in changing business environments: conceptualization, formalization and implementation","S. Johanning, F. Scheller, D. Abitz, C. Wehner, T. Bruckner",2020,Conceptual + formal framework with prototype implementation,Academic,"	Yes – proposes a modular, reusable agentic framework adaptable across domains","Yes – Agents with defined roles, behaviors, and dynamic interactions","Human as system designer, domain modeler, and evaluator","Proposes a formalized, domain-adaptable multi-agent framework for complex decision-making environments","Modular agentic frameworks support extensibility, standardization, and cross-domain application (e.g. business, infrastructure, policy)","How to generalize the approach across more varied real-world sectors like healthcare, education, and governance?",https://casmodeling.springeropen.com/articles/10.1186/s40294-020-00074-6#citeas,
MetaGPT: Meta Programming for a Multi-Agent Collaborative Framework,"S. Hong, M. Zhuge, J. Chen, et al.",2024,System design + benchmarking,Industrial & Academic,Yes – SOP-based modular multi-agent framework,"Yes – Role-based agents, SOPs, structured communication, runtime feedback","Human-inspired roles like Product Manager, QA, Architect; agents simulate these","Outperforms AutoGPT, ChatDev, etc. on HumanEval and MBPP; higher success and code quality",SOPs reduce errors and improve task structure; structured outputs improve collaboration,Can agent frameworks generalize to non-software domains? How to scale human feedback?,https://arxiv.org/pdf/2308.00352,
HuggingGPT: Solving AI Tasks with ChatGPT and its Friends in Hugging Face,"Y. Shen, K. Song, X. Tan, D. Li, et al.",2023,System design + experiments across modalities,Academic & Industrial,"Not explicitly, but follows controller-executor agentic model","Yes – Task planning, model selection, coordination via LLMs",Human acts as requester; LLM plans & executes tasks,Handles multimodal tasks via expert model orchestration,LLMs as controllers can plan/coordinate heterogeneous agents; language is unifying interface,How to improve planning reliability and task orchestration?,arXiv / GitHub,
From Human Memory to AI Memory: A Survey on Memory Mechanisms in the Era of LLMs,"Y. Wu, S. Liang, C. Zhang, et al.",2025,Survey study,Industrial (Huawei Noah's Ark Lab),"No, but categorizes memory across object, form, and time","Yes – memory-based agents with short/long-term, parametric/non-parametric memory",Human-inspired: memory modeled after cognitive processes,Introduces 3D-8Q taxonomy and links human/AI memory types,"Memory systems in LLMs need to model personal, procedural, and episodic memory akin to humans",How to implement dynamic and generalizable long-term memory at scale?,,
"Hello, It’s GPT-2: How Can I Help You? Towards the Use of Pretrained Language Models for Task-Oriented Dialogue Systems","P. Budzianowski, I. Vulić",2019,Experimental design using GPT-2 for task-based dialogue,Academic & Industrial,No – follows seq2seq GPT-style architecture,Yes – dialogue turn management via pretrained transformer,Human as requestor; no explicit policy module,Shows competitive performance with task-specific baselines on MultiWOZ,Pretrained models can generalize dialogue behavior across domains with text-only interface,How to maintain long-term dialogue context and manage domain-specific precision?,,
Cognitive Architectures: Research Issues and Challenges,"P. Langley, J. Laird, S. Rogers",2009,Conceptual review,Academic,"Yes – describes Soar, ACT-R, ICARUS, PRODIGY","Yes – full-stack agents with memory, goals, planning",Human-inspired cognitive agents and modeling,System-level view of agent components and integration challenges,"Cognitive architectures must unify perception, memory, learning, reasoning, and action",How to achieve real-time performance and human-level generality?,,
Human–Agent Team Dynamics: A Review and Future Research Opportunities,"Iftikhar, Chiu, Khan, Caudwell",2024,Systematic Literature Review,Academic,No (conceptual framework),"Autonomy, Shared Cognition, Transparency, Function Allocation        ","Team Member, Overseer, Collaborator","Synthesizes 101 studies; proposes a model of team dynamics based on structure, composition, and mediating mechanisms","Trust, coordination, information sharing, and adaptability are essential. Gaps in shared leadership and team adaptability are highlighted.",How can shared mental models be scaled? How should agents negotiate roles dynamically? What design patterns best support team adaptation?,	https://doi.org/10.1109/TEM.2023.3331369,
Self-Directing AI: The Road to Fully Autonomous AI Agents,"Jovanović, Campbell",2025,Conceptual Overview + Architecture,Academic/Industry Mix,Yes,"Autonomy spectrum, agent orchestration, multimodal interaction, HITL governance","Supervisor, Collaborator, Monitor","Defines layered agent architecture with interfaces, services, orchestration, safety, personalization","Agents must be modular, trust-aware, and capable of human oversight and task collaboration",How to evaluate agents reliably? How to balance autonomy with safety and trust?,https://doi.org/10.1109/MC.2025.3529136,
Swiss Cheese Model for AI Safety: A Taxonomy and Reference Architecture for Multi-Layered Guardrails of Foundation Model Based Agents,"Shamsujjoha, Lu, Zhao, Zhu",2025,Conceptual Framework + Taxonomy,Academic,Yes (runtime safety architecture),"Foundation model agents, guardrails, control interfaces, prompt management",Reactive oversight only,"Proposes layered safety architecture with guardrails across input, API, memory, and output phases","Safety requires layered, runtime guardrails; oversight must be embedded, not just post hoc",How to balance proactive agent autonomy with multi-point containment? How can layers be dynamically reconfigured?,https://arxiv.org/abs/2408.02205,
Position Paper: Towards Open Complex Human-AI Agents Collaboration System for Problem-Solving and Knowledge Management,Ju Wu and Calvin K. L. Or,2025,Position Paper / Conceptual Framework,Academic,Yes (conceptual model: HE2-Net),"Multi-agent coordination, cybernetic feedback, hybrid cognition, knowledge sharing","Co-planner, cognitive collaborator",Proposes HE2-Net as a unifying framework for coordinating symbolic and LLM-based agents with humans,"Highlights need for epistemic governance, layered control, and feedback-driven co-evolution",How can HE2-Net be operationalized in software architectures? How to evaluate long-term H-AI symbiosis?,https://arxiv.org/abs/2505.00018,
"Multiagent Systems: Algorithmic, Game-Theoretic, and Logical Foundations",Wooldridge; Jennings,2013,Theoretical / Educational (Textbook),Academic,No,Yes - Fundamental theory and algorithms behind autonomous multi-agent systems.,Not the focus (humans discussed abstractly),"Provides foundational theories and algorithms for multiagent systems, serving as a comprehensive textbook.","Coordination, negotiation, and logic-based reasoning are foundational in multiagent systems and require formal modeling.",How can multiagent coordination scale in uncertain or dynamic environments with minimal human input?,https://www.masfoundations.org/mas.pdf,
Human-Centric Artificial Intelligence Architecture for Industry 5.0 Applications,"García-García, García-Hernández, Fernández-Cerero, Valenzuela-Díaz",2023,Conceptual Framework + Taxonomy,Academic,Yes,Yes - Architecture focused on human-agent collaboration in Industry 5.0.,Central – Human as co-creator and decision-maker,Proposes an AI architecture for Industry 5.0 that emphasizes human-centricity and cyber-physical systems integration.,Industry 5.0 demands architectures where humans and AI cooperate closely; emphasizes need for cyber-physical-human integration.,What governance models support sustainable human-AI collaboration in Industry 5.0 architectures?,https://arxiv.org/abs/2203.10794,
Design Patterns for Machine Learning Based Systems with Human-in-the-Loop,"Zhou, Zhan, Liu, Zhuang",2022,Pattern catalog,Academic,No,Yes - Patterns including agentic AI components interacting with humans.,"Human-in-the-loop, design collaborator and evaluator",Presents design patterns to guide the development of ML systems with human involvement in the loop.,Human involvement improves ML system robustness and trust; design patterns support ethical and reliable design.,How can human-in-the-loop design patterns be adapted for emerging ML technologies like foundation models?,https://arxiv.org/abs/2312.00582,
A review of verbal and non-verbal human–robot interactive communication,"Castro-González, Bartneck",2021,Literature Review,Academic,No,Yes - Discusses communication capabilities in human-agent (robot) interaction.,"Human is observer, social peer, and system designer",Reviews human–robot communication methods and suggests design implications for interactive systems.,"Effective communication between humans and robots relies on combining verbal and non-verbal cues, requiring interdisciplinary design.",How can social and cultural norms be better integrated into HRI for diverse user populations?,https://arxiv.org/pdf/1401.4994,
IEEE 7000-2021 - Standard for Model Process for Addressing Ethical Concerns During System Design,IEEE Standards Association,2021,Technical Report / Conceptual Guide,Industrial,No,No,"Architects as designers, decision-makers, and evaluators",Outlines a process standard for embedding ethical values into system design; aimed at practical implementation.,Embedding ethics into system design is feasible via standardization; value-based design processes are implementable in practice.,How can ethical standards be operationalized effectively across diverse system contexts and industries?,https://ieeexplore-ieee-org.proxy.lnu.se/document/9536679,
"AI4People—An Ethical Framework for a Good AI Society: Opportunities, Risks, Principles, and Recommendations","Floridi, Cowls, Beltrametti, Chatila, Chazerand, Dignum, Luetge, Madelin, Pagallo, Rossi, Schafer, Valcke, Vayena",2018,Conceptual Essay,Academic,No,No,Human as supervisor and governor with validation roles,Proposes a comprehensive ethical framework (AI4People) with principles and policy suggestions for trustworthy AI.,"Ethical AI requires a structured approach balancing principles, policies, and practical governance tools.",What enforcement mechanisms can ensure ethical principles are upheld in deployed AI systems?,https://link.springer.com/article/10.1007/s11023-018-9482-5,
The global landscape of AI ethics guidelines,"Jobin, Ienca, Vayena",2019,Survey,Academic,No,No,"Human as interpreter, overseer, and co-decider",Surveys and synthesizes global AI ethics guidelines to identify key themes and divergences.,"AI ethics guidelines differ in scope and depth; global harmonization is lacking, and context matters greatly.",How can global AI ethics guidelines be harmonized without compromising local relevance?,https://www.nature.com/articles/s42256-019-0088-2,
Value Sensitive Design and Information Systems,"Friedman, Kahn, Borning",2013,Conceptual Essay,Academic,No,No,"Human as system designer, domain modeler, and evaluator",Introduces Value Sensitive Design as a methodology for incorporating human values into IT system development.,"Incorporating values in design must be iterative, stakeholder-driven, and context-sensitive to be effective.",How can value-sensitive design scale to complex socio-technical systems with multiple stakeholders?,https://link.springer.com/chapter/10.1007/978-94-007-7844-3_4,
Principles alone cannot guarantee ethical AI,Mittelstadt,2019,Conceptual Essay,Academic,No,No,Reactive oversight only,"Critiques the limitations of AI principles and emphasizes need for practical, contextual governance mechanisms.",Abstract principles are insufficient; operationalization and accountability mechanisms are critical for ethical AI.,What concrete methods translate abstract principles into traceable engineering decisions?,https://www.nature.com/articles/s42256-019-0114-4,
Fairness in Machine Learning: Lessons from Political Philosophy,Binns,2018,Conceptual Essay,Academic,No,No,"Human-inspired roles like Product Manager, QA, Architect; agents simulate these","Explores fairness in ML through political philosophy, showing how different fairness definitions reflect ethical tradeoffs.",Fairness in ML is inherently political; selecting fairness metrics involves value trade-offs that must be transparent.,How can fairness goals be balanced across stakeholders in multi-objective algorithmic systems?,https://arxiv.org/abs/1712.03586,
Society-in-the-Loop: Programming the Algorithmic Social Contract,Rahwan,2018,Conceptual + formal framework with prototype implementation,Academic,No,Yes - Discusses societal governance of autonomous algorithmic agents.,"Human as societal overseer, contracts encoded in AI","Introduces Society-in-the-Loop concept, advocating for institutional oversight embedded in algorithmic systems.",Embedding societal values into algorithmic systems requires institutional mechanisms and participatory governance.,How can human oversight mechanisms be made scalable for rapidly evolving algorithmic infrastructures?,https://link.springer.com/article/10.1007/s10676-017-9430-8,
A Practical Guide to Building Agents,OpenAI,2024,Technical Report / Conceptual Guide,Academic,No,Yes - Guide on building autonomous AI agents.,Human acts as requester; LLM plans & executes tasks,Provides practical guidance for designing and implementing AI agents with OpenAI tools and methodologies.,Designing agents requires balancing autonomy and control; tooling and methodology influence agent behavior.,How can agent tools be designed to align better with human goals in real-time environments?,https://cdn.openai.com/business-guides-and-resources/a-practical-guide-to-building-agents.pdf,
"SS-ISO/IEC/IEEE 42010:2022 -- System- och programvarukvalitet -- Beskrivning av arkitektur (ISO/IEC/IEEE 42010:2022, IDT)",ISO/IEC/IEEE,2022,Theoretical / Educational (Textbook),Industrial,Yes,No,Architects as formal describers and modelers,Defines standard for architecture description to support communication among stakeholders in system design.,Clear architectural documentation enables communication and governance across lifecycle and stakeholder groups.,How can architecture description languages better support stakeholder collaboration?,https://www.sis.se/produkter/kvalitet-ffd57ad9/systems-and-software-engineering/ss-isoiecieee-420102022/,
"Software reference architectures: Foundations, theory, and practice","Capilla, Nava, Sánchez, Franch",2015,Theoretical & Conceptual,Academic,Yes,No,"Architects as designers, integrators, and evaluators",Summarizes foundations and practices for developing and using software reference architectures in industry.,"Reference architectures support reuse, quality, and governance but require customization for domain-specific needs.",How can reference architectures evolve to support rapidly changing AI and cloud-native environments?,https://www.sciencedirect.com/science/article/pii/S016412121500162X,
Software performance engineering: A retrospective and a path forward,"Woodside, Petriu, Shen, Miller",2019,Theoretical & Conceptual,Academic,No,No,Human as system tuner and evaluator,Reflects on software performance engineering and identifies opportunities for integrating architectural concerns.,Performance concerns should be integrated early in software design; architecture has a large impact on performance.,How can performance considerations be balanced with evolving ethical and legal concerns?,https://www.sciencedirect.com/science/article/pii/S0164121218303541,
Governance of Autonomous Agents on the Web: Challenges and Opportunities,"Kampik, Perini, Roffia, Salle, Galizia",2025,Conceptual Review,Academic,No,Yes - Governance challenges for autonomous agents.,Human as supervisor and policy shaper,Analyzes challenges and prospects of autonomous agents on the web; highlights gaps in governance models.,Lack of governance mechanisms for web agents creates risks; emphasizes need for normative and technical oversight.,What governance mechanisms are both effective and acceptable for autonomous web agents?,https://dl.acm.org/doi/fullHtml/10.1145/3507910,
"Generative AI for Software Architecture: Applications, Trends, Challenges, and Future Directions","Esposito, Pandey, Medina-Bulo, Astudillo, Malizia",2025,Literature Review,Academic,Yes,Yes - Discusses agentic AI aspects in generative AI contexts.,Architects as AI-integrators and ethical designers,"Maps current use cases, trends, and challenges of Generative AI in software architecture practice.","Generative AI offers potential for automating software architecture tasks, but challenges include explainability and control.","How can generative AI tools be made transparent, safe, and aligned with architectural intent?",https://arxiv.org/abs/2503.13310,
"Stochastic, Dynamic, Fluid Autonomy in Agentic AI: Implications for Authorship, Inventorship, and Liability","Mukherjee, Chang",2021,Conceptual Essay,Academic,No,Yes - Direct focus on fluid autonomy and agentic AI features.,Human as legal analyst and responsible agent,Proposes a dynamic autonomy framework to handle legal and ethical implications of agentic AI systems.,"Autonomy in agentic AI must be fluid, context-aware, and legally traceable; design must anticipate liability.",What legal and ethical frameworks are suitable for assigning accountability in fluid AI autonomy?,https://arxiv.org/abs/2504.04058,
Meaningful human control: actionable properties for AI system development,"Siebert, Manzey, Roesler",2023,Peer-reviewed conceptual + empirical HCI study,Academic,No,Yes - Human control over autonomous agentic systems.,"Human-in-the-loop, human-on-the-loop, oversight, collaboration",Defines actionable properties for building AI systems under meaningful human control principles.,"Actionable properties for meaningful control include traceability, reversibility, and human understanding.",How can system designers measure and validate meaningful human control in practice?,https://arxiv.org/abs/2112.01298,
Human-AI Collaboration: The Effect of AI Delegation on Human Task Performance and Task Satisfaction,"Hemmer, Loe, Gácsi",2024,Conceptual + System implementation + User study,Academic,No,Yes - Collaboration with autonomous AI agents.,"Peer/co-learner, task collaborator",Empirically studies how AI delegation affects human task performance and satisfaction in collaborative work.,"AI delegation influences human performance positively, but poor delegation design can lead to dissatisfaction and reduced trust.",What design strategies promote positive human outcomes in shared AI task environments?,https://arxiv.org/abs/2303.09224,
Positive Interactions with Intelligent Technology through Psychological Ownership: A Human-in-the-Loop Approach,"Dalangin, Lee, Lim, Kim",2024,Conceptual + System implementation + User study,Academic,No,Yes - Interaction with agentic AI within HITL setups.,"Co-creator, psychological stakeholder, system engager",Shows that psychological ownership in human-in-the-loop systems leads to more positive user engagement.,Psychological ownership increases engagement and responsibility in human-in-the-loop AI systems.,"How can psychological ownership be fostered in dynamic, agent-driven decision loops?",https://openaccess.cms-conferences.org/publications/book/978-1-958651-98-8/article/978-1-958651-98-8_6,
Generative AI Models for Different Steps in Architectural Design: A Literature Review,"Li, Zhang, Lin, Fang",2024,Literature Review,Academic,Yes,Yes - Generative AI agentic features in design processes.,"Co-planner, cognitive collaborator",Surveys how generative AI tools are applied across stages of architectural design processes.,"Generative AI tools are used across all stages of architectural design, but lack standard evaluation methods.",What standards and benchmarks are needed for evaluating generative AI in architectural workflows?,https://www.sciencedirect.com/science/article/pii/S209526352400147X,
FLRA: A Reference Architecture for Federated Learning Systems,"Lo, Sun, Li, Lin, Chen, Lin",2021,System design + benchmarking,Academic,Yes,No,Human as system designer and orchestrator,"Proposes a federated learning reference architecture, detailing its components and design considerations.","Federated systems need well-defined architectures to manage privacy, trust, and communication across nodes.",How can privacy and security be maintained without compromising efficiency in federated architectures?,https://link.springer.com/chapter/10.1007/978-3-030-86044-8_6,
Responsible-AI-by-Design: A Pattern Collection for Designing Responsible AI Systems,"Lu, Lu, Zheng, Chen, Zhou",2022,Pattern catalog,Academic,No,No,Architect as ethical AI pattern curator,Presents a catalog of Responsible AI design patterns with practical implementation guidance.,"Responsible AI patterns provide reusable templates for addressing transparency, fairness, and accountability.",How can pattern collections be validated and maintained across evolving AI practice domains?,https://arxiv.org/abs/2203.00905,
AgentStudio: A development platform for building multi-agent systems with LLMs,"Li, Ma, Yao, Chen",2024,System design + benchmarking,Academic,Yes,Yes - Platform for building agentic AI with large language models.,Human as system architect and iterative tester,"Introduces AgentStudio platform for building LLM-powered multi-agent systems, with architecture and use cases.","LLM-based agents require tailored platforms to manage dialogue, memory, and reasoning in multi-agent environments.",What frameworks support trustworthy deployment of LLM-based multi-agent systems?,https://arxiv.org/abs/2503.18238,
A Design Science Research Methodology for Information Systems Research,"Peffers, Tuunanen, Rothenberger, Chatterjee",2007,Conceptual + System implementation + User study,Academic,No,No,Researcher and methodology designer,Proposes a design science research methodology for IS with clear process stages and evaluation criteria.,"Design science research must link rigor and relevance, using iterative cycles and practical validation.","How can design science methods be adapted for iterative, AI-driven system development?",https://www.tandfonline.com/doi/abs/10.2753/MIS0742-1222240302,
Experimentation in Software Engineering,Wohlin,2012,Theoretical & Conceptual,Academic,No,No,Researcher and evaluator of practices,Summarizes best practices and pitfalls in software engineering experimentation; provides structured guidelines.,"Sound experimentation in software engineering requires planning, reproducibility, and stakeholder alignment.",How can experimental software engineering account for unpredictability in AI components?,https://link.springer.com/book/10.1007/978-3-662-69306-3,
The Role of Human Oversight in Responsible AI Systems,Johnson,2024,Empirical Study,Academic,No,No,"Human-in-the-loop, oversight and governance actor","Argues for layered human oversight in AI, outlining mechanisms for responsible human-AI system governance.","Human oversight must be layered and adaptive, balancing autonomy with accountability at each level of system interaction.",What levels of oversight are appropriate for different types of AI systems and risk domains?,https://www.researchgate.net/publication/386245696,
Revolutionizing Organizational Decision-Making,Singh et al.,2023,Conceptual framework,Academic,Yes – 3 integration models,"Decision structures, delegation, hybrid reasoning","Delegator, Reviewer, Collaborator",Proposes hybrid decision structures for optimized governance,Highlights pros/cons of delegation models and interpretability tradeoffs,How to operationalize these structures in live AI systems?,https://ieeexplore-ieee-org.proxy.lnu.se/stamp/stamp.jsp?tp=&arnumber=10450811,
A Human-in-the-Loop Anomaly Detection Architecture for Big Traffic Data of Cellular Network,"Shenglong Liu, Yuxiao Xia, Di Wang",2024,Applied system design,Academic,Yes,"Anomaly detection, HITL feedback loop, real-time monitoring","Supervisor, feedback provider",Presents real-time anomaly detection system with human validation,Layered governance and human validation improve resilience in network monitoring,How can such frameworks generalize to other domains or real-time agentic AI systems?,https://ieeexplore-ieee-org.proxy.lnu.se/document/10471346,
Orchestration for Human-AI Teaming: Designing the Interplay Between Autonomy and Control,"Björn Svensson, Christina Keller",2024,Conceptual Framework,Academic,No,"Orchestration, autonomy management, collaboration","Teaming, decision support, supervisory roles",Explores how orchestration strategies can balance control and agent autonomy in human-AI teaming scenarios,Effective orchestration is critical for managing dynamic role allocations between humans and AI in team environments,How can orchestration adapt in real-time to changing team goals and human trust levels?,https://scholarspace.manoa.hawaii.edu/items/029387d5-112d-44a4-b555-156b18f8b77b,